"0a58358a2afd3e4e","http://lh6.ggpht.com/-igpT6wu0mIA/ROV8HnUuABI/AAAAAAAAAE4/cDiNGkoQX88/s1600/",6651,6
"b399f09dee9c3c67","https://lh3.googleusercontent.com/-LOW2cjAqubA/RvE11dfgUaI/AAAAAAAABoU/ItwXEejtwHg/rj/",8429,15
"19ace29d77a5be66","https://lh5.googleusercontent.com/-tnmSXwQcWL8/SfhIj_3pugI/AAAAAAAAAdg/X55Wx8dGz-Q/s1600/",6231,44
"0aac70a1de44ced6","http://lh6.ggpht.com/-cJMh9AYQGk8/SOkF_Q5PrjI/AAAAAAAACa4/YWapKF6Wwuo/s1600/",9779,3
"de770bc720f8e714","https://lh4.googleusercontent.com/-Q_FvRlwaaa8/SM9h2Ie41HI/AAAAAAAADnw/bfCvOoJy6iY/s1600/",11288,199
"dc9457d703e612ad","https://lh3.googleusercontent.com/-Px33Q-wekRI/SRoKZcmruOI/AAAAAAAAFI8/zEGgYlTmoFk/s1600/",13170,43
"3060f5f75d936abb","http://lh3.ggpht.com/-KXyELwqwp_Q/Ry-qmQAqwUI/AAAAAAAAAoU/SUt6osy86xk/s1600/",6051,1
"12f403e97cb69f39","https://lh3.googleusercontent.com/-Kt6d5AxAWP8/Sh0QTDppkuI/AAAAAAAAAtU/OXARjox1HTw/rj/",8302,438
"0a8339ce84ee6592","https://lh3.googleusercontent.com/-GTNxkF44dlY/RrByhCdaFjI/AAAAAAAAABY/zgZ2vT-0iAA/s1600/",6347,98
"86608c54eced1b99","https://lh4.googleusercontent.com/-tMoBJaphC34/R-ghJ_EcGCI/AAAAAAAABiw/Ug4rnSzaW-g/s1600/",9633,0
